preusuel,nombre
LUCAS,117001
EMMA,105209
ENZO,97980
LÉA,96491
HUGO,91960
NATHAN,89252
MANON,88824
CAMILLE,87871
LOUIS,83448
CHLOÉ,82092
THÉO,78909
JADE,75999
THOMAS,74593
GABRIEL,73629
MATHIS,72546
LÉO,72472
JULES,69265
SARAH,66932
INÈS,66800
ARTHUR,66599
TOM,66203
MAXIME,65726
CLARA,64429
RAPHAËL,63683
LOUISE,62039
PAUL,61389
CLÉMENT,59758
LOLA,59758
ETHAN,59242
ANTOINE,57358
ADAM,55757
ALEXANDRE,53713
NOAH,52732
LUCIE,52430
BAPTISTE,50774
YANIS,49778
AXEL,48976
EVA,48721
ALEXIS,48651
MATHÉO,47375
ZOÉ,46560
ANAÏS,45475
LINA,44821
MARIE,44678
JULIETTE,44352
ROMANE,44127
VALENTIN,44021
OCÉANE,43957
QUENTIN,43536
SACHA,43493
NOLAN,42961
ALICE,42781
LÉNA,42571
LILOU,41678
MAXENCE,40363
MATHILDE,40009
MOHAMED,39255
EVAN,38694
LISA,38333
ROMAIN,38192
LOU,37717
AMBRE,37190
VICTOR,36867
JEANNE,36743
CHARLOTTE,35956
JULIE,35543
LAURA,35341
GABIN,34370
PAULINE,34323
NOA,33512
LOUNA,33108
NICOLAS,33065
RAYAN,32907
ANNA,32779
CLÉMENCE,31682
SAMUEL,31339
MARTIN,31145
BENJAMIN,30385
SIMON,30265
CÉLIA,30103
LIAM,29840
JULIA,29832
ADRIEN,29744
MATTÉO,29718
PIERRE,29108
MARGAUX,29075
JULIEN,28702
ROBIN,28495
NINA,28394
JUSTINE,28084
ALICIA,27887
ROSE,26051
KYLIAN,25926
ELISA,25709
MAEL,25616
AGATHE,25575
DYLAN,25553
MARGOT,25457
MAELYS,25031
MATHIEU,24913
MATHYS,24774
ELISE,24271
ESTEBAN,23761
CORENTIN,23727
AARON,23630
MAEVA,23541
MAËL,23499
EMILIE,23391
TIMÉO,23289
LOUANE,22854
LENNY,22798
NOEMIE,22767
ELSA,22763
FLORIAN,22444
LÉONIE,22423
LANA,22182
EDEN,21529
MILA,21357
BASTIEN,21341
LORENZO,21265
MÉLISSA,20673
LUNA,20436
TRISTAN,20299
MARINE,20111
MARIUS,20044
ANTHONY,20016
MORGANE,19636
YASMINE,19396
MARION,19222
ANTONIN,18715
MATHIAS,18646
NOE,18624
KEVIN,18436
LILY,18324
THIBAULT,18220
ELIOTT,18212
AMINE,17840
SOFIA,17726
VALENTINE,17688
TITOUAN,17665
AMANDINE,17181
ERWAN,17091
DORIAN,17077
OLIVIA,16873
WILLIAM,16842
VICTORIA,16816
CAPUCINE,16704
GASPARD,16673
NOÉ,16370
ADÈLE,16354
TIMEO,16287
CARLA,16261
MAELLE,16230
AUGUSTIN,16197
ELENA,16021
ALIX,15776
GUILLAUME,15762
DAVID,15598
MÉLINA,15541
ILYES,15486
JEAN,15383
SARA,15381
INAYA,15297
MEHDI,15105
LISE,15101
MATÉO,15095
LÉANE,15069
CHARLIE,14706
GABRIELLE,14678
MALO,14669
ANDRÉA,14528
LILIAN,14478
OSCAR,14374
TIAGO,14357
SALOMÉ,14355
KILLIAN,14311
NOAM,14299
RYAN,14103
CANDICE,14097
SASHA,14036
AYA,13772
MATTHIEU,13736
MAËLYS,13682
CHARLES,13676
NINO,13606
FAUSTINE,13571
AMÉLIE,13406
LÉANA,13359
ASSIA,13325
DIEGO,13237
YANN,13225
VINCENT,13111
JORDAN,12968
KENZA,12859
LOÏC,12763
LÉON,12585
AYOUB,12577
KENZO,12465
RÉMI,12445
ELOISE,12174
MIA,12159
IBRAHIM,12073
LOAN,11977
SOFIANE,11916
DAMIEN,11907
LOUKA,11817
RAFAEL,11742
APOLLINE,11717
VICTOIRE,11710
RUBEN,11689
HÉLOÏSE,11645
FANNY,11537
MAYA,11483
YASSINE,11406
CASSANDRA,11389
JEREMY,11388
MYRIAM,11348
EMY,11336
INES,11297
YOUNES,11233
LUCA,11207
COLINE,11149
LYNA,11053
AXELLE,11052
ANAELLE,11013
ENORA,10992
AURÉLIEN,10950
ILAN,10935
SOLÈNE,10786
ALEX,10748
BRYAN,10712
ISAAC,10661
LILA,10659
ALEXIA,10652
NOUR,10628
NASSIM,10551
EMMY,10536
LORIS,10523
TIMOTHÉE,10511
LAURINE,10483
ELIAS,10452
CHARLINE,10273
JOSEPH,10260
NINON,10246
WASSIM,10214
CLARISSE,10194
CONSTANCE,10123
YOUSSEF,10122
THIBAUT,10059
TONY,10016
JULIAN,10008
CLÉMENTINE,9959
AMIR,9957
LOGAN,9937
FLAVIE,9925
ALBAN,9859
HAMZA,9801
LOANE,9754
EWEN,9658
GIULIA,9598
ILONA,9566
CLAIRE,9543
ELODIE,9450
MORGAN,9448
NAEL,9423
ALI,9407
AMAURY,9321
NOÉMIE,9320
MANEL,9306
BILAL,9217
LUCILE,9207
NAËL,9177
GAËTAN,9148
JOHAN,9140
NOHAM,9129
IRIS,9066
ELIOT,9037
CHARLY,9031
PABLO,9011
ELINA,8903
OWEN,8869
LUKA,8869
STELLA,8823
LISON,8734
CORALIE,8712
SOPHIE,8695
ROXANE,8663
EMELINE,8643
SAMY,8615
RAYANE,8613
ALYSSA,8509
MILO,8471
JONATHAN,8394
LÉANDRE,8372
MARCEAU,8327
ROMY,8317
LYA,8263
ADEM,8253
MILAN,8251
ESTELLE,8242
LYAM,8231
SOAN,8196
SELMA,8164
GARANCE,8155
MÉLANIE,8135
IMRAN,8072
YACINE,8048
KAÏS,8034
AUDREY,8020
ANGELINA,7957
ZAKARIA,7941
LENA,7932
JOSHUA,7910
CLOE,7902
ALAN,7892
LILIA,7882
LUKAS,7841
LYLOU,7826
CHIARA,7779
LEO,7771
SOLINE,7701
RAPHAEL,7677
CLÉA,7622
LUCIEN,7618
LOUISON,7615
FLORA,7581
KYLLIAN,7578
MAHÉ,7574
CASSANDRE,7561
MARIA,7551
SALMA,7544
RACHEL,7534
NORA,7518
BASILE,7475
AMINA,7419
AHMED,7373
SHANA,7355
ALEXANDRA,7326
ANISSA,7264
ISMAEL,7240
SIRINE,7218
ANAS,7126
GAUTHIER,7120
ENOLA,7095
MELINE,7088
TÉO,7078
KILIAN,7063
KELLY,7039
DIANE,7021
IMANE,7007
ETIENNE,6991
SAMI,6990
MELVIN,6981
MYA,6973
TESS,6947
AYMERIC,6906
ARMAND,6891
AURORE,6877
DIMITRI,6871
JASON,6818
EMILIEN,6815
ANGÈLE,6788
LOU-ANNE,6761
LEA,6726
WALID,6705
LOÏS,6699
ANIS,6697
ELEA,6671
MARYAM,6666
SOHAN,6659
NOLANN,6658
LOUISA,6644
FÉLIX,6642
ARNAUD,6638
YANNIS,6610
JUSTIN,6599
ALIZÉE,6568
NOLHAN,6567
DANIEL,6566
MATTHIAS,6529
ANOUK,6524
CHLOE,6497
ELOUAN,6422
TESSA,6399
EMMANUEL,6398
ELIE,6396
AYMEN,6331
JORIS,6273
SÉBASTIEN,6253
MAËLLE,6175
MARINA,6169
ALLAN,6163
THAÏS,6148
AMÉLIA,6140
MARWA,6133
ALBANE,6128
TIMOTHE,6102
EDOUARD,6088
UGO,6074
LENY,6047
ELINE,6043
LOU-ANN,6038
ROMÉO,5992
LEILA,5992
YOHAN,5983
JESSICA,5982
ELLIOT,5961
EMILE,5939
NAOMIE,5937
MARWAN,5928
GRÉGOIRE,5912
LIVIA,5906
ELOÏSE,5884
LILI,5868
LARA,5839
ACHILLE,5832
ISMAËL,5824
DJIBRIL,5818
AMEL,5792
THAIS,5755
EWAN,5735
ANA,5696
STEVEN,5688
VIOLETTE,5687
CAROLINE,5659
ISSA,5646
LALY,5639
MICKAEL,5630
OPHÉLIE,5629
RÉMY,5629
ELIO,5616
MATIS,5609
LAURE,5595
ABEL,5594
BENOÎT,5587
LUDIVINE,5586
ANDY,5578
FATIMA,5564
FLORENT,5555
SOPHIA,5534
SANDRO,5494
GAEL,5492
MARC,5464
PERRINE,5464
JASMINE,5452
FABIO,5445
NAOMI,5437
ELEONORE,5425
CAMÉLIA,5405
LILY-ROSE,5387
ASMA,5366
WENDY,5360
MAISSA,5350
MALONE,5342
FRANÇOIS,5339
ZÉLIE,5336
ORLANE,5306
ALYA,5303
MAILYS,5277
FABIEN,5268
ROMAN,5260
FARAH,5255
RANIA,5213
SUZANNE,5210
EVE,5207
LUCY,5207
SANA,5190
NAÏM,5189
TIM,5165
AMIRA,5135
MOHAMMED,5104
THEO,5099
MARIN,5095
MAX,5083
ELLA,5067
PALOMA,5064
MARIAM,5055
HANNA,5016
ILYAS,5014
JIMMY,4974
KAIS,4968
LOHAN,4954
SABRINA,4951
ULYSSE,4951
LUC,4939
SWANN,4918
NATHANAEL,4918
ANGELO,4916
MOUSSA,4910
FATOUMATA,4907
CÉLINE,4906
AURÉLIE,4904
YOANN,4898
FARES,4889
JONAS,4885
TANGUY,4878
IDRISS,4875
ANGE,4858
MAUD,4847
YLAN,4840
ANATOLE,4796
ILIAN,4785
CHAIMA,4782
ELIA,4760
ELÉNA,4757
NAHIL,4741
TIPHAINE,4732
ESTHER,4707
CÔME,4699
ALIYA,4681
AYDEN,4670
TIMOTHÉ,4667
ILYANA,4663
MÉLINE,4659
ZOE,4658
YOAN,4629
LAETITIA,4614
THÉA,4603
SHANNA,4596
EMA,4574
ALYCIA,4561
BÉRÉNICE,4558
OLIVIER,4531
DINA,4521
LOUANNE,4511
SAM,4504
ORIANE,4496
RAFAËL,4492
NILS,4485
ANDREA,4478
JESSY,4473
AVA,4444
LINO,4443
MAÏSSA,4427
MAE,4425
JOSEPHINE,4424
NORAH,4416
MALIK,4410
CLEMENT,4392
EDGAR,4389
DOUNIA,4379
ADEL,4362
DAPHNÉ,4360
MATTEO,4350
SELENA,4332
ANAËLLE,4329
GREGORY,4328
LALIE,4319
JENNA,4314
IMRANE,4310
LYANA,4299
MARILOU,4295
AUGUSTE,4272
PAOLO,4272
BILEL,4267
ALESSIO,4262
HELENA,4252
LINDSAY,4241
MATHEO,4235
CHRISTOPHER,4232
NAWEL,4214
KHADIJA,4209
ANGEL,4191
MAYLIS,4183
GIANNI,4176
MARVIN,4149
THIBAUD,4142
ZELIE,4124
OMAR,4117
TEDDY,4115
CYPRIEN,4103
LINE,4100
EVANN,4080
FIONA,4052
NATHANAËL,4052
LILLY,4042
JOHANNA,4022
JAMES,4018
MAÉ,4015
CAMERON,3995
SÉRÉNA,3992
KARIM,3987
HENRI,3987
NOLWENN,3955
LILYA,3954
JEAN-BAPTISTE,3954
STANISLAS,3953
LEANDRO,3938
FLORINE,3932
AMINATA,3928
ERWANN,3928
CEDRIC,3908
EUGÉNIE,3905
CYRIL,3876
SONIA,3871
ILYAN,3865
TAO,3861
MARYLOU,3836
MAYSSA,3825
ILHAN,3822
MELVYN,3821
WARREN,3814
ELYA,3811
HECTOR,3806
LUDOVIC,3801
CLOVIS,3785
BRICE,3773
BLANCHE,3765
KIARA,3755
ALINE,3745
CHARLÈNE,3738
MARLEY,3732
FLAVIEN,3722
CALIE,3703
AUBIN,3697
ISSAM,3691
HÉLÈNE,3683
JOACHIM,3666
DONOVAN,3660
CÉCILE,3653
SYRINE,3644
ANAÉ,3641
THIAGO,3629
LEYNA,3620
ASHLEY,3603
HORTENSE,3597
TATIANA,3597
YAEL,3596
YOUSRA,3590
ANAIS,3583
LIA,3583
XAVIER,3566
SALIM,3557
COME,3553
JOAN,3553
MADELEINE,3552
GWENDOLINE,3548
MAIWENN,3542
MOHAMED-AMINE,3540
ALIYAH,3535
ANTON,3532
MYLAN,3518
MAIA,3514
BRANDON,3512
ELYNE,3492
NESRINE,3491
PAOLA,3471
LUIS,3470
NAIM,3437
MAËVA,3424
SWAN,3422
CLOÉ,3404
HAJAR,3389
TIFFANY,3381
MATYS,3367
HIPPOLYTE,3357
EZIO,3354
KELYAN,3346
MAXIMILIEN,3343
CÉCILIA,3336
JOSÉPHINE,3334
LAURYNE,3325
MINA,3313
ISMAIL,3297
SAFIA,3285
ADELINE,3276
CELESTE,3275
LIVIO,3258
THALIA,3252
ABDALLAH,3246
ORNELLA,3227
CASSIE,3225
COLIN,3221
SOUMAYA,3220
LAURIE,3216
JOY,3216
SAMANTHA,3216
LUBIN,3202
KIM,3199
MAMADOU,3197
GIOVANNI,3196
ASSYA,3195
JUDITH,3185
HANA,3182
REBECCA,3179
AICHA,3174
RONAN,3170
HAYDEN,3164
DEBORAH,3161
YUNA,3160
NELSON,3145
GAELLE,3141
ANASTASIA,3135
SOLAL,3121
ASTRID,3119
CALVIN,3116
OCTAVE,3116
MALAK,3112
MATTHÉO,3107
WAEL,3096
GUSTAVE,3091
ELIF,3083
ELÉA,3082
KENNY,3063
LEÏLA,3056
ANAE,3051
NOHA,3050
ALYSSIA,3047
SORAYA,3044
MARCEL,3043
MELINDA,3041
MIGUEL,3040
SIXTINE,3037
CÉLESTE,3030
SOULEYMANE,3029
ILANA,3024
LOUANN,3024
NEYLA,3022
AYMAN,3017
SAFA,3016
CYRIELLE,3014
MATTHEW,3011
MARCO,3009
LOUCA,3009
NAHEL,3001
TYMÉO,3000
ELÉONORE,2996
VANESSA,2994
MAYRON,2992
ERIC,2990
EMNA,2986
RYAD,2985
FLORE,2984
MELINA,2982
SYLVAIN,2965
LILAS,2957
MELISSA,2956
LYDIA,2949
KELYA,2946
MAELINE,2939
YOHANN,2931
HAFSA,2930
GUILHEM,2928
WESLEY,2928
ELOI,2907
CINDY,2904
ELYES,2893
HAWA,2892
LAURIANE,2891
LINDA,2887
ELYNA,2887
HANNAH,2887
LOANN,2886
EMIE,2886
ALEXY,2872
ZACHARIE,2868
RUDY,2867
EMIR,2857
ROSALIE,2851
SHAYNA,2850
STÉPHANE,2841
NOELIE,2839
FLAVIO,2839
CELIAN,2834
ELYAS,2829
AÏCHA,2816
ERINE,2813
HADRIEN,2780
KIMBERLEY,2777
REDA,2774
KAMIL,2770
PHILIPPINE,2770
MARCUS,2769
SOREN,2768
THEA,2766
JANA,2760
MAELIE,2758
DANY,2756
CHRIS,2755
AUGUSTINE,2745
MYLA,2741
JULINE,2734
ALIA,2727
ILIANA,2723
LUCILLE,2723
CLOTILDE,2713
DIANA,2711
VIRGILE,2700
MERIEM,2689
JEREMIE,2685
MONA,2683
CELIA,2677
NABIL,2670
YUSUF,2667
ELISABETH,2664
ENES,2662
YOUCEF,2659
TANIA,2656
NELL,2655
RAPHAELLE,2646
AURIANE,2644
CLEO,2638
MELLINA,2625
NAYLA,2623
MILLA,2619
MELODY,2615
YASSIN,2609
NAÏLA,2609
AUDE,2608
EMMANUELLE,2606
LEONARD,2602
KASSANDRA,2597
NOHAN,2594
MAÏWENN,2594
ALISON,2593
LÉONARD,2592
GAËL,2592
MARWANE,2592
AMY,2587
CLEMENCE,2573
SAFIYA,2572
KARL,2567
STACY,2557
BERTILLE,2555
SAMIA,2554
ANGELA,2553
HANAE,2548
IMENE,2545
LOUCAS,2544
ISAURE,2542
ANNABELLE,2541
LEONIE,2537
HIND,2529
STAN,2529
YASMINA,2525
ILIES,2521
ALESSANDRO,2515
MADISON,2510
HAROUN,2507
ADRIAN,2507
MELODIE,2505
SANDRA,2501
TALIA,2501
SHAINA,2501
JIBRIL,2500
GAUTIER,2498
LYLIA,2498
LENZO,2492
ELOANE,2492
SABRI,2476
MARLON,2469
TINO,2463
CLELIA,2462
ANNAELLE,2460
MARIANNE,2460
JAYDEN,2459
JANNA,2459
JOHANN,2457
VALENTINA,2454
FLEUR,2448
HANAÉ,2446
MERYEM,2445
KHALIL,2443
ELORA,2443
ELLIE,2443
FLORIANE,2436
CHRISTOPHE,2435
ANTONY,2433
LAYANA,2422
ADIL,2420
ARSÈNE,2413
TINA,2413
IYAD,2412
SIDONIE,2407
LORENA,2405
GWENAELLE,2404
PACO,2404
ELIJAH,2400
EMMIE,2393
LEOPOLD,2387
ANNE,2380
MATT,2380
LIANA,2373
BRAYAN,2370
LESLIE,2368
NOAN,2363
MAELY,2362
JOANA,2355
PHILIPPE,2339
DORIANE,2337
ANGELINE,2335
LEANA,2334
NAYA,2333
AYLAN,2325
NAELLE,2321
ILIAS,2317
ÉLISE,2312
MAXINE,2311
LÉANDRO,2310
GWENDAL,2296
CYNTHIA,2291
SELIM,2289
JOEY,2287
JENNIFER,2285
KAHINA,2284
RIYAD,2283
MATISSE,2279
ALMA,2279
JULIANA,2277
THEOPHILE,2276
NAËLLE,2275
YONI,2257
KILYAN,2254
EMERIC,2252
ANGELIQUE,2251
FANTINE,2247
ANTONIO,2247
CORALINE,2244
TASNIM,2242
PIERRICK,2239
TAMARA,2230
LISANDRO,2229
NAILA,2224
MICHEL,2224
VADIM,2221
LUCIA,2218
EDDY,2216
NADIR,2215
MAUREEN,2206
JESSIM,2203
IZIA,2200
JOYCE,2196
JACQUES,2187
LILIE,2173
SOFIAN,2173
CESAR,2169
SOLENN,2166
SAMIR,2165
ALOIS,2164
FLORENTIN,2163
PRUNE,2162
MAYLINE,2162
ISMAÏL,2159
ALESSIA,2159
AALIYAH,2158
BLANDINE,2148
EMILY,2142
BRIAN,2136
MARIE-LOU,2136
JAWAD,2131
NOÉLIE,2127
ESMA,2126
LAURENT,2121
AMBROISE,2120
MATHILDA,2119
YAELLE,2116
MAXIM,2110
GASTON,2106
LORINE,2106
IVAN,2105
JIHANE,2100
PIERRE-LOUIS,2096
ZAHRA,2094
MAËLY,2088
OCEANE,2069
MYLÈNE,2067
ALEYNA,2067
AYLIN,2059
KAYLA,2055
IDRIS,2053
WISSEM,2052
LEELOU,2049
CARMEN,2046
OLYMPE,2038
SULLIVAN,2038
MAËLYNE,2033
GRACE,2028
TOMMY,2020
AYMANE,2016
YOUSSOUF,2014
ABDOULAYE,2013
TARA,2013
ISABELLE,2008
ERIN,2008
KENAN,2007
AMBRINE,2007
LIYA,2007
MATTHIS,2005
GABRIELLA,1997
ELONA,1996
NADIA,1996
LEANNE,1995
LÉOPOLD,1994
ALBIN,1988
MAËLINE,1987
KELIAN,1984
JAD,1983
THELMA,1982
MANELLE,1981
KESSY,1972
